-- Data for User
INSERT INTO User (id, email, password, name, role, rank, status, avatar, phone, location, unit, sector, createdAt, updatedAt) VALUES (1, 'admin@example.com', '$2a$08$7xnlzrU8hzlSN1cTOe9j/ukp6DLiTPyO.IlVfo8mq2C9igYafE8zq', 'Commander Shepard', 'ADMIN', 'Ten Cel', 'Ativo', 'https://i.pravatar.cc/150?u=admin', '555-0199', 'Comando de Regimento', '8º RC Mec', 'A-124', '2026-02-16T13:02:03.988Z', '2026-02-16T13:02:03.988Z');
INSERT INTO User (id, email, password, name, role, rank, status, avatar, phone, location, unit, sector, createdAt, updatedAt) VALUES (2, 'staff@example.com', '$2a$08$kYBze/YgjBri6nNykT3t2.cSmY64RjfiEXOhqXu4pncY2/FE7ayyC', 'Pvt. Jenkins', 'STAFF', 'Sd EP', 'Ativo', 'https://i.pravatar.cc/150?u=staff', '555-0101', '4º Esquadrão', '8º RC Mec', 'B-202', '2026-02-16T13:02:06.473Z', '2026-02-16T13:02:06.473Z');
INSERT INTO User (id, email, password, name, role, rank, status, avatar, phone, location, unit, sector, createdAt, updatedAt) VALUES (3, 'sgt.oliveira@example.com', '$2a$08$kYBze/YgjBri6nNykT3t2.cSmY64RjfiEXOhqXu4pncY2/FE7ayyC', 'Sgt. Oliveira', 'STAFF', '2º Sgt', 'Ativo', 'https://i.pravatar.cc/150?u=sgt', '555-0155', 'Garagem de Viaturas', '8º RC Mec', 'V-10', '2026-02-16T13:02:08.149Z', '2026-02-16T13:02:08.149Z');

-- Data for Report
INSERT INTO Report (id, category, subcategory, description, priority, media, metadata, status, createdAt, updatedAt, userId, topicId) VALUES (1, 'Infraestrutura', 'Manutenção', 'Relatório inicial identificando problemas em Manutenção de Viaturas - Esquadrão B', 'High', NULL, NULL, 'Approved', '2026-02-16T13:02:09.807Z', '2026-02-16T13:02:09.807Z', 2, 1);
INSERT INTO Report (id, category, subcategory, description, priority, media, metadata, status, createdAt, updatedAt, userId, topicId) VALUES (2, 'Operacional', 'Campo', 'Confirmação de impacto em campo referente a Manutenção de Viaturas - Esquadrão B', 'High', NULL, NULL, 'Pending', '2026-02-16T13:02:09.807Z', '2026-02-16T13:02:09.807Z', 3, 1);
INSERT INTO Report (id, category, subcategory, description, priority, media, metadata, status, createdAt, updatedAt, userId, topicId) VALUES (3, 'Infraestrutura', 'Manutenção', 'Relatório inicial identificando problemas em Falha de Comunicação - Ala Norte', 'Medium', NULL, NULL, 'Approved', '2026-02-16T13:02:13.142Z', '2026-02-16T13:02:13.142Z', 2, 2);
INSERT INTO Report (id, category, subcategory, description, priority, media, metadata, status, createdAt, updatedAt, userId, topicId) VALUES (4, 'Operacional', 'Campo', 'Confirmação de impacto em campo referente a Falha de Comunicação - Ala Norte', 'Low', NULL, NULL, 'Pending', '2026-02-16T13:02:13.142Z', '2026-02-16T13:02:13.142Z', 3, 2);
INSERT INTO Report (id, category, subcategory, description, priority, media, metadata, status, createdAt, updatedAt, userId, topicId) VALUES (5, 'Infraestrutura', 'Manutenção', 'Relatório inicial identificando problemas em Atraso no Suprimento Médico', 'High', NULL, NULL, 'Approved', '2026-02-16T13:02:15.629Z', '2026-02-16T13:02:15.629Z', 2, 3);
INSERT INTO Report (id, category, subcategory, description, priority, media, metadata, status, createdAt, updatedAt, userId, topicId) VALUES (6, 'Operacional', 'Campo', 'Confirmação de impacto em campo referente a Atraso no Suprimento Médico', 'High', NULL, NULL, 'Pending', '2026-02-16T13:02:15.629Z', '2026-02-16T13:02:15.629Z', 3, 3);
INSERT INTO Report (id, category, subcategory, description, priority, media, metadata, status, createdAt, updatedAt, userId, topicId) VALUES (7, 'Infraestrutura', 'Manutenção', 'Relatório inicial identificando problemas em Erro de Protocolo - Reserva de Armamento', 'Low', NULL, NULL, 'Approved', '2026-02-16T13:02:18.530Z', '2026-02-16T13:02:18.530Z', 2, 4);
INSERT INTO Report (id, category, subcategory, description, priority, media, metadata, status, createdAt, updatedAt, userId, topicId) VALUES (8, 'Operacional', 'Campo', 'Confirmação de impacto em campo referente a Erro de Protocolo - Reserva de Armamento', 'Low', NULL, NULL, 'Pending', '2026-02-16T13:02:18.530Z', '2026-02-16T13:02:18.530Z', 3, 4);

-- Data for Topic
INSERT INTO Topic (id, title, aiSummary, status, suggestions, action, finalSolution, feedbackMessage, priority, impactType, createdAt, updatedAt) VALUES (1, 'Manutenção de Viaturas - Esquadrão B', 'Falhas hidráulicas recorrentes nas viaturas do Esquadrão B. Possível descuido na manutenção preventiva identificado no Setor 4.', 'validated', '[{"text":"Aumentar frequência de verificação de pressão","author":"Sgt. Oliveira"},{"text":"Substituir kits de vedação das unidades do Setor 4"},{"text":"Upgrade para fluido de alta performance","author":"Cb. Mendes"}]', NULL, NULL, NULL, 'high', 'Segurança', '2026-02-16T13:02:09.807Z', '2026-02-16T13:02:09.807Z');
INSERT INTO Topic (id, title, aiSummary, status, suggestions, action, finalSolution, feedbackMessage, priority, impactType, createdAt, updatedAt) VALUES (2, 'Falha de Comunicação - Ala Norte', 'Atenuação de sinal reportada durante horários de pico operacional. Provável interferência de redes externas.', 'validated', '[{"text":"Instalar repetidores de sinal a cada 50m"},{"text":"Mudar para frequência criptografada 7","author":"Ten. Costa"},{"text":"Reorientar antenas das torres de guarda"}]', NULL, NULL, NULL, 'medium', 'Eficiência', '2026-02-16T13:02:13.142Z', '2026-02-16T13:02:13.142Z');
INSERT INTO Topic (id, title, aiSummary, status, suggestions, action, finalSolution, feedbackMessage, priority, impactType, createdAt, updatedAt) VALUES (3, 'Atraso no Suprimento Médico', 'Atraso na distribuição de kits de trauma primário. Erro de sincronização no sistema de inventário da enfermaria.', 'priority_alert', '[{"text":"Autorizar distribuição manual de emergência","author":"Maj. Rocha"},{"text":"Reiniciar logs de sincronização do banco de dados"},{"text":"Aumentar estoque de kits nas zonas de deslocamento rápido"}]', NULL, NULL, NULL, 'high', 'Moral', '2026-02-16T13:02:15.629Z', '2026-02-16T13:02:15.629Z');
INSERT INTO Topic (id, title, aiSummary, status, suggestions, action, finalSolution, feedbackMessage, priority, impactType, createdAt, updatedAt) VALUES (4, 'Erro de Protocolo - Reserva de Armamento', 'Desalinhamento do sensor no portão biométrico. Rejeição incorreta de pessoal autorizado detectada.', 'validated', '[{"text":"Recalibrar sensores biométricos"},{"text":"Implementar protocolo temporário de liberação manual","author":"Subten. Almeida"},{"text":"Atualizar logs de acesso de pessoal"}]', NULL, NULL, NULL, 'low', 'Segurança', '2026-02-16T13:02:18.530Z', '2026-02-16T13:02:18.530Z');

-- Data for Feedback
INSERT INTO Feedback (id, message, type, date, userId) VALUES (1, 'Manutenção da Viatura 102 concluída com sucesso.', 'Notice', '2026-02-16T13:02:21.010Z', 2);
INSERT INTO Feedback (id, message, type, date, userId) VALUES (2, 'Excelente desempenho na coordenação da Ala Norte.', 'Commendation', '2026-02-16T13:02:21.010Z', 3);
INSERT INTO Feedback (id, message, type, date, userId) VALUES (3, 'Reunião de comando agendada para amanhã às 08:00.', 'Notice', '2026-02-16T13:02:21.010Z', 1);

-- Data for SystemSettings
INSERT INTO SystemSettings (id, institutionName, lightProtocol, aiTriage, emailNotifications, passwordPolicy, sessionTimeout, personnelScore, fleetScore, supplyScore, updatedAt) VALUES (1, '8º Regimento de Cavalaria Mecanizado', 1, 1, 1, 'Forte', 30, 94.2, 82.5, 89.8, '2026-02-16T13:02:23.227Z');

